X,Y,Z,Accelerometer,Prediction,Probability
0.8,-0.2,0.1,0.77,0,0.002564309
2.1,1.3,-2.0,-3.1,0,0.00092579325
-1.0,1.0,0.5,1.2,0,0.0027852245
